"0","0","2015-02-26 08:00:00.000","32.0"
"1","0","2015-03-12 08:00:00.000","48.0"
"2","0","2015-03-26 08:00:00.000","72.0"
"3","0","2015-04-09 08:00:00.000","108.0"
"4","1","2015-02-27 10:00:00.000","17.0"
"5","1","2015-03-13 10:00:00.000","26.0"
"6","1","2015-03-27 10:00:00.000","39.0"
"7","1","2015-04-10 10:00:00.000","59.0"
"8","2","2015-02-28 12:00:00.000","44.0"
"9","2","2015-03-14 12:00:00.000","66.0"
"10","2","2015-03-28 12:00:00.000","99.0"
"11","2","2015-04-11 12:00:00.000","149.0"
"12","3","2015-03-01 10:00:00.000","16.0"
"13","3","2015-03-15 10:00:00.000","24.0"
"14","3","2015-03-29 10:00:00.000","36.0"
"15","3","2015-04-12 10:00:00.000","54.0"
"16","4","2015-03-02 10:00:00.000","15.0"
"17","4","2015-03-16 10:00:00.000","23.0"
"18","4","2015-03-30 10:00:00.000","35.0"
"19","4","2015-04-13 10:00:00.000","53.0"
"20","5","2015-03-03 11:00:00.000","15.0"
"21","5","2015-03-17 11:00:00.000","23.0"
"22","5","2015-03-31 11:00:00.000","35.0"
"23","5","2015-04-14 11:00:00.000","53.0"
"24","6","2016-09-11 09:00:00.000","12.0"
"25","6","2016-09-25 09:00:00.000","18.0"
"26","6","2016-10-09 09:00:00.000","27.0"
"27","6","2016-10-23 09:00:00.000","41.0"
"28","7","2016-09-12 08:00:00.000","49.0"
"29","7","2016-09-26 08:00:00.000","74.0"
"30","7","2016-10-10 08:00:00.000","111.0"
"31","7","2016-10-24 08:00:00.000","167.0"
"32","8","2015-05-12 09:00:00.000","49.0"
"33","8","2015-05-26 09:00:00.000","74.0"
"34","8","2015-06-09 09:00:00.000","111.0"
"35","8","2015-06-23 09:00:00.000","167.0"
"36","9","2015-05-13 09:00:00.000","38.0"
"37","9","2015-05-27 09:00:00.000","57.0"
"38","9","2015-06-10 09:00:00.000","86.0"
"39","9","2015-06-24 09:00:00.000","129.0"
"40","10","2015-05-14 11:00:00.000","49.0"
"41","10","2015-05-28 11:00:00.000","74.0"
"42","10","2015-06-11 11:00:00.000","111.0"
"43","10","2015-06-25 11:00:00.000","167.0"
"44","11","2016-07-19 11:00:00.000","30.0"
"45","11","2016-08-02 11:00:00.000","45.0"
"46","11","2016-08-16 11:00:00.000","68.0"
"47","11","2016-08-30 11:00:00.000","102.0"
"48","12","2016-07-20 10:00:00.000","37.0"
"49","12","2016-08-03 10:00:00.000","56.0"
"50","12","2016-08-17 10:00:00.000","84.0"
"51","12","2016-08-31 10:00:00.000","126.0"
"52","13","2014-07-26 10:00:00.000","33.0"
"53","13","2014-08-09 10:00:00.000","50.0"
"54","13","2014-08-23 10:00:00.000","75.0"
"55","13","2014-09-06 10:00:00.000","113.0"
"56","14","2014-07-27 11:00:00.000","13.0"
"57","14","2014-08-10 11:00:00.000","20.0"
"58","14","2014-08-24 11:00:00.000","30.0"
"59","14","2014-09-07 11:00:00.000","45.0"
"60","15","2014-07-28 09:00:00.000","32.0"
"61","15","2014-08-11 09:00:00.000","48.0"
"62","15","2014-08-25 09:00:00.000","72.0"
"63","15","2014-09-08 09:00:00.000","108.0"
"64","16","2014-07-29 11:00:00.000","28.0"
"65","16","2014-08-12 11:00:00.000","42.0"
"66","16","2014-08-26 11:00:00.000","63.0"
"67","16","2014-09-09 11:00:00.000","95.0"
"68","17","2016-09-16 09:00:00.000","46.0"
"69","17","2016-09-30 09:00:00.000","69.0"
"70","17","2016-10-14 09:00:00.000","104.0"
"71","17","2016-10-28 09:00:00.000","156.0"
"72","18","2016-09-17 10:00:00.000","22.0"
"73","18","2016-10-01 10:00:00.000","33.0"
"74","18","2016-10-15 10:00:00.000","50.0"
"75","18","2016-10-29 10:00:00.000","75.0"
"76","19","2014-01-06 11:00:00.000","31.0"
"77","19","2014-01-20 11:00:00.000","47.0"
"78","19","2014-02-03 11:00:00.000","71.0"
"79","19","2014-02-17 11:00:00.000","107.0"
"80","20","2014-01-07 08:00:00.000","32.0"
"81","20","2014-01-21 08:00:00.000","48.0"
"82","20","2014-02-04 08:00:00.000","72.0"
"83","20","2014-02-18 08:00:00.000","108.0"
"84","21","2014-01-08 11:00:00.000","25.0"
"85","21","2014-01-22 11:00:00.000","38.0"
"86","21","2014-02-05 11:00:00.000","57.0"
"87","21","2014-02-19 11:00:00.000","86.0"
"88","22","2014-01-09 08:00:00.000","26.0"
"89","22","2014-01-23 08:00:00.000","39.0"
"90","22","2014-02-06 08:00:00.000","59.0"
"91","22","2014-02-20 08:00:00.000","89.0"
"92","23","2014-01-10 11:00:00.000","12.0"
"93","23","2014-01-24 11:00:00.000","18.0"
"94","23","2014-02-07 11:00:00.000","27.0"
"95","23","2014-02-21 11:00:00.000","41.0"
"96","24","2015-02-14 11:00:00.000","15.0"
"97","24","2015-02-28 11:00:00.000","23.0"
"98","24","2015-03-14 11:00:00.000","35.0"
"99","24","2015-03-28 11:00:00.000","53.0"
"100","25","2015-02-15 09:00:00.000","32.0"
"101","25","2015-03-01 09:00:00.000","48.0"
"102","25","2015-03-15 09:00:00.000","72.0"
"103","25","2015-03-29 09:00:00.000","108.0"
"104","26","2015-02-16 09:00:00.000","21.0"
"105","26","2015-03-02 09:00:00.000","32.0"
"106","26","2015-03-16 09:00:00.000","48.0"
"107","26","2015-03-30 09:00:00.000","72.0"
"108","27","2015-02-17 10:00:00.000","48.0"
"109","27","2015-03-03 10:00:00.000","72.0"
"110","27","2015-03-17 10:00:00.000","108.0"
"111","27","2015-03-31 10:00:00.000","162.0"
"112","28","2015-02-18 11:00:00.000","38.0"
"113","28","2015-03-04 11:00:00.000","57.0"
"114","28","2015-03-18 11:00:00.000","86.0"
"115","28","2015-04-01 11:00:00.000","129.0"
"116","29","2016-05-29 09:00:00.000","46.0"
"117","29","2016-06-12 09:00:00.000","69.0"
"118","29","2016-06-26 09:00:00.000","104.0"
"119","29","2016-07-10 09:00:00.000","156.0"
"120","30","2016-05-30 09:00:00.000","38.0"
"121","30","2016-06-13 09:00:00.000","57.0"
"122","30","2016-06-27 09:00:00.000","86.0"
"123","30","2016-07-11 09:00:00.000","129.0"
"124","31","2016-05-31 11:00:00.000","38.0"
"125","31","2016-06-14 11:00:00.000","57.0"
"126","31","2016-06-28 11:00:00.000","86.0"
"127","31","2016-07-12 11:00:00.000","129.0"
"128","32","2014-07-15 11:00:00.000","47.0"
"129","32","2014-07-29 11:00:00.000","71.0"
"130","32","2014-08-12 11:00:00.000","107.0"
"131","32","2014-08-26 11:00:00.000","161.0"
"132","33","2016-02-14 12:00:00.000","46.0"
"133","33","2016-02-28 12:00:00.000","69.0"
"134","33","2016-03-13 12:00:00.000","104.0"
"135","33","2016-03-27 12:00:00.000","156.0"
"136","34","2016-02-15 10:00:00.000","31.0"
"137","34","2016-02-29 10:00:00.000","47.0"
"138","34","2016-03-14 10:00:00.000","71.0"
"139","34","2016-03-28 10:00:00.000","107.0"
"140","35","2016-02-16 11:00:00.000","48.0"
"141","35","2016-03-01 11:00:00.000","72.0"
"142","35","2016-03-15 11:00:00.000","108.0"
"143","35","2016-03-29 11:00:00.000","162.0"
"144","36","2014-02-27 09:00:00.000","49.0"
"145","36","2014-03-13 09:00:00.000","74.0"
"146","36","2014-03-27 09:00:00.000","111.0"
"147","36","2014-04-10 09:00:00.000","167.0"
"148","37","2014-02-28 10:00:00.000","50.0"
"149","37","2014-03-14 10:00:00.000","75.0"
"150","37","2014-03-28 10:00:00.000","113.0"
"151","37","2014-04-11 10:00:00.000","170.0"
"152","38","2014-03-01 12:00:00.000","24.0"
"153","38","2014-03-15 12:00:00.000","36.0"
"154","38","2014-03-29 12:00:00.000","54.0"
"155","38","2014-04-12 12:00:00.000","81.0"
"156","39","2016-06-18 10:00:00.000","25.0"
"157","39","2016-07-02 10:00:00.000","38.0"
"158","39","2016-07-16 10:00:00.000","57.0"
"159","39","2016-07-30 10:00:00.000","86.0"
"160","40","2016-06-19 11:00:00.000","48.0"
"161","40","2016-07-03 11:00:00.000","72.0"
"162","40","2016-07-17 11:00:00.000","108.0"
"163","40","2016-07-31 11:00:00.000","162.0"
"164","41","2016-06-20 10:00:00.000","24.0"
"165","41","2016-07-04 10:00:00.000","36.0"
"166","41","2016-07-18 10:00:00.000","54.0"
"167","41","2016-08-01 10:00:00.000","81.0"
"168","42","2016-06-21 09:00:00.000","28.0"
"169","42","2016-07-05 09:00:00.000","42.0"
"170","42","2016-07-19 09:00:00.000","63.0"
"171","42","2016-08-02 09:00:00.000","95.0"
"172","43","2016-06-22 11:00:00.000","38.0"
"173","43","2016-07-06 11:00:00.000","57.0"
"174","43","2016-07-20 11:00:00.000","86.0"
"175","43","2016-08-03 11:00:00.000","129.0"
"176","44","2014-01-04 09:00:00.000","16.0"
"177","44","2014-01-18 09:00:00.000","24.0"
"178","44","2014-02-01 09:00:00.000","36.0"
"179","44","2014-02-15 09:00:00.000","54.0"
"180","45","2014-01-05 11:00:00.000","38.0"
"181","45","2014-01-19 11:00:00.000","57.0"
"182","45","2014-02-02 11:00:00.000","86.0"
"183","45","2014-02-16 11:00:00.000","129.0"
"184","46","2014-01-06 10:00:00.000","23.0"
"185","46","2014-01-20 10:00:00.000","35.0"
"186","46","2014-02-03 10:00:00.000","53.0"
"187","46","2014-02-17 10:00:00.000","80.0"
"188","47","2014-01-07 12:00:00.000","46.0"
"189","47","2014-01-21 12:00:00.000","69.0"
"190","47","2014-02-04 12:00:00.000","104.0"
"191","47","2014-02-18 12:00:00.000","156.0"
"192","48","2014-01-08 08:00:00.000","30.0"
"193","48","2014-01-22 08:00:00.000","45.0"
"194","48","2014-02-05 08:00:00.000","68.0"
"195","48","2014-02-19 08:00:00.000","102.0"
"196","49","2014-01-09 09:00:00.000","45.0"
"197","49","2014-01-23 09:00:00.000","68.0"
"198","49","2014-02-06 09:00:00.000","102.0"
"199","49","2014-02-20 09:00:00.000","153.0"
"200","50","2015-06-09 08:00:00.000","30.0"
"201","50","2015-06-23 08:00:00.000","45.0"
"202","50","2015-07-07 08:00:00.000","68.0"
"203","50","2015-07-21 08:00:00.000","102.0"
"204","51","2015-06-10 11:00:00.000","30.0"
"205","51","2015-06-24 11:00:00.000","45.0"
"206","51","2015-07-08 11:00:00.000","68.0"
"207","51","2015-07-22 11:00:00.000","102.0"
"208","52","2015-06-11 12:00:00.000","14.0"
"209","52","2015-06-25 12:00:00.000","21.0"
"210","52","2015-07-09 12:00:00.000","32.0"
"211","52","2015-07-23 12:00:00.000","48.0"
"212","53","2015-06-12 09:00:00.000","12.0"
"213","53","2015-06-26 09:00:00.000","18.0"
"214","53","2015-07-10 09:00:00.000","27.0"
"215","53","2015-07-24 09:00:00.000","41.0"
"216","54","2015-06-13 09:00:00.000","46.0"
"217","54","2015-06-27 09:00:00.000","69.0"
"218","54","2015-07-11 09:00:00.000","104.0"
"219","54","2015-07-25 09:00:00.000","156.0"
"220","55","2014-07-22 09:00:00.000","30.0"
"221","55","2014-08-05 09:00:00.000","45.0"
"222","55","2014-08-19 09:00:00.000","68.0"
"223","55","2014-09-02 09:00:00.000","102.0"
"224","56","2014-07-23 11:00:00.000","12.0"
"225","56","2014-08-06 11:00:00.000","18.0"
"226","56","2014-08-20 11:00:00.000","27.0"
"227","56","2014-09-03 11:00:00.000","41.0"
"228","57","2014-07-24 12:00:00.000","31.0"
"229","57","2014-08-07 12:00:00.000","47.0"
"230","57","2014-08-21 12:00:00.000","71.0"
"231","57","2014-09-04 12:00:00.000","107.0"
"232","58","2014-07-25 09:00:00.000","18.0"
"233","58","2014-08-08 09:00:00.000","27.0"
"234","58","2014-08-22 09:00:00.000","41.0"
"235","58","2014-09-05 09:00:00.000","62.0"
"236","59","2014-07-26 10:00:00.000","37.0"
"237","59","2014-08-09 10:00:00.000","56.0"
"238","59","2014-08-23 10:00:00.000","84.0"
"239","59","2014-09-06 10:00:00.000","126.0"
"240","60","2014-07-27 10:00:00.000","43.0"
"241","60","2014-08-10 10:00:00.000","65.0"
"242","60","2014-08-24 10:00:00.000","98.0"
"243","60","2014-09-07 10:00:00.000","147.0"
"244","61","2015-03-14 12:00:00.000","42.0"
"245","61","2015-03-28 12:00:00.000","63.0"
"246","61","2015-04-11 12:00:00.000","95.0"
"247","61","2015-04-25 12:00:00.000","143.0"
"248","62","2015-03-15 11:00:00.000","40.0"
"249","62","2015-03-29 11:00:00.000","60.0"
"250","62","2015-04-12 11:00:00.000","90.0"
"251","62","2015-04-26 11:00:00.000","135.0"
"252","63","2014-01-15 09:00:00.000","18.0"
"253","63","2014-01-29 09:00:00.000","27.0"
"254","63","2014-02-12 09:00:00.000","41.0"
"255","63","2014-02-26 09:00:00.000","62.0"
"256","64","2014-01-16 10:00:00.000","19.0"
"257","64","2014-01-30 10:00:00.000","29.0"
"258","64","2014-02-13 10:00:00.000","44.0"
"259","64","2014-02-27 10:00:00.000","66.0"
"260","65","2015-08-13 09:00:00.000","38.0"
"261","65","2015-08-27 09:00:00.000","57.0"
"262","65","2015-09-10 09:00:00.000","86.0"
"263","65","2015-09-24 09:00:00.000","129.0"
"264","66","2015-08-14 09:00:00.000","24.0"
"265","66","2015-08-28 09:00:00.000","36.0"
"266","66","2015-09-11 09:00:00.000","54.0"
"267","66","2015-09-25 09:00:00.000","81.0"
"268","67","2015-08-15 09:00:00.000","42.0"
"269","67","2015-08-29 09:00:00.000","63.0"
"270","67","2015-09-12 09:00:00.000","95.0"
"271","67","2015-09-26 09:00:00.000","143.0"
"272","68","2015-08-16 10:00:00.000","39.0"
"273","68","2015-08-30 10:00:00.000","59.0"
"274","68","2015-09-13 10:00:00.000","89.0"
"275","68","2015-09-27 10:00:00.000","134.0"
"276","69","2015-08-17 10:00:00.000","28.0"
"277","69","2015-08-31 10:00:00.000","42.0"
"278","69","2015-09-14 10:00:00.000","63.0"
"279","69","2015-09-28 10:00:00.000","95.0"
"280","70","2016-04-21 11:00:00.000","16.0"
"281","70","2016-05-05 11:00:00.000","24.0"
"282","70","2016-05-19 11:00:00.000","36.0"
"283","70","2016-06-02 11:00:00.000","54.0"
"284","71","2016-04-22 09:00:00.000","39.0"
"285","71","2016-05-06 09:00:00.000","59.0"
"286","71","2016-05-20 09:00:00.000","89.0"
"287","71","2016-06-03 09:00:00.000","134.0"
"288","72","2016-04-23 11:00:00.000","31.0"
"289","72","2016-05-07 11:00:00.000","47.0"
"290","72","2016-05-21 11:00:00.000","71.0"
"291","72","2016-06-04 11:00:00.000","107.0"
"292","73","2016-04-24 11:00:00.000","48.0"
"293","73","2016-05-08 11:00:00.000","72.0"
"294","73","2016-05-22 11:00:00.000","108.0"
"295","73","2016-06-05 11:00:00.000","162.0"
"296","74","2016-04-25 10:00:00.000","45.0"
"297","74","2016-05-09 10:00:00.000","68.0"
"298","74","2016-05-23 10:00:00.000","102.0"
"299","74","2016-06-06 10:00:00.000","153.0"
"300","75","2016-04-26 11:00:00.000","23.0"
"301","75","2016-05-10 11:00:00.000","35.0"
"302","75","2016-05-24 11:00:00.000","53.0"
"303","75","2016-06-07 11:00:00.000","80.0"
"304","76","2016-04-27 10:00:00.000","37.0"
"305","76","2016-05-11 10:00:00.000","56.0"
"306","76","2016-05-25 10:00:00.000","84.0"
"307","76","2016-06-08 10:00:00.000","126.0"
"308","77","2015-08-08 11:00:00.000","25.0"
"309","77","2015-08-22 11:00:00.000","38.0"
"310","77","2015-09-05 11:00:00.000","57.0"
"311","77","2015-09-19 11:00:00.000","86.0"
"312","78","2015-08-09 11:00:00.000","43.0"
"313","78","2015-08-23 11:00:00.000","65.0"
"314","78","2015-09-06 11:00:00.000","98.0"
"315","78","2015-09-20 11:00:00.000","147.0"
"316","79","2015-08-10 09:00:00.000","34.0"
"317","79","2015-08-24 09:00:00.000","51.0"
"318","79","2015-09-07 09:00:00.000","77.0"
"319","79","2015-09-21 09:00:00.000","116.0"
"320","80","2015-08-11 10:00:00.000","47.0"
"321","80","2015-08-25 10:00:00.000","71.0"
"322","80","2015-09-08 10:00:00.000","107.0"
"323","80","2015-09-22 10:00:00.000","161.0"
"324","81","2015-08-12 12:00:00.000","12.0"
"325","81","2015-08-26 12:00:00.000","18.0"
"326","81","2015-09-09 12:00:00.000","27.0"
"327","81","2015-09-23 12:00:00.000","41.0"
"328","82","2015-08-13 11:00:00.000","11.0"
"329","82","2015-08-27 11:00:00.000","17.0"
"330","82","2015-09-10 11:00:00.000","26.0"
"331","82","2015-09-24 11:00:00.000","39.0"
"332","83","2015-08-14 10:00:00.000","36.0"
"333","83","2015-08-28 10:00:00.000","54.0"
"334","83","2015-09-11 10:00:00.000","81.0"
"335","83","2015-09-25 10:00:00.000","122.0"
"336","84","2015-12-13 09:00:00.000","46.0"
"337","84","2015-12-27 09:00:00.000","69.0"
"338","84","2016-01-10 09:00:00.000","104.0"
"339","84","2016-01-24 09:00:00.000","156.0"
"340","85","2014-04-18 08:00:00.000","24.0"
"341","85","2014-05-02 08:00:00.000","36.0"
"342","85","2014-05-16 08:00:00.000","54.0"
"343","85","2014-05-30 08:00:00.000","81.0"
"344","86","2014-04-19 11:00:00.000","49.0"
"345","86","2014-05-03 11:00:00.000","74.0"
"346","86","2014-05-17 11:00:00.000","111.0"
"347","86","2014-05-31 11:00:00.000","167.0"
"348","87","2014-04-20 10:00:00.000","15.0"
"349","87","2014-05-04 10:00:00.000","23.0"
"350","87","2014-05-18 10:00:00.000","35.0"
"351","87","2014-06-01 10:00:00.000","53.0"
"352","88","2014-04-21 09:00:00.000","14.0"
"353","88","2014-05-05 09:00:00.000","21.0"
"354","88","2014-05-19 09:00:00.000","32.0"
"355","88","2014-06-02 09:00:00.000","48.0"
"356","89","2014-04-22 10:00:00.000","13.0"
"357","89","2014-05-06 10:00:00.000","20.0"
"358","89","2014-05-20 10:00:00.000","30.0"
"359","89","2014-06-03 10:00:00.000","45.0"
"360","90","2015-05-11 11:00:00.000","26.0"
"361","90","2015-05-25 11:00:00.000","39.0"
"362","90","2015-06-08 11:00:00.000","59.0"
"363","90","2015-06-22 11:00:00.000","89.0"
"364","91","2015-05-12 08:00:00.000","43.0"
"365","91","2015-05-26 08:00:00.000","65.0"
"366","91","2015-06-09 08:00:00.000","98.0"
"367","91","2015-06-23 08:00:00.000","147.0"
"368","92","2013-12-19 08:00:00.000","17.0"
"369","92","2014-01-02 08:00:00.000","26.0"
"370","92","2014-01-16 08:00:00.000","39.0"
"371","92","2014-01-30 08:00:00.000","59.0"
"372","93","2013-12-20 09:00:00.000","42.0"
"373","93","2014-01-03 09:00:00.000","63.0"
"374","93","2014-01-17 09:00:00.000","95.0"
"375","93","2014-01-31 09:00:00.000","143.0"
"376","94","2013-12-21 08:00:00.000","24.0"
"377","94","2014-01-04 08:00:00.000","36.0"
"378","94","2014-01-18 08:00:00.000","54.0"
"379","94","2014-02-01 08:00:00.000","81.0"
"380","95","2013-12-22 10:00:00.000","37.0"
"381","95","2014-01-05 10:00:00.000","56.0"
"382","95","2014-01-19 10:00:00.000","84.0"
"383","95","2014-02-02 10:00:00.000","126.0"
"384","96","2013-12-23 12:00:00.000","11.0"
"385","96","2014-01-06 12:00:00.000","17.0"
"386","96","2014-01-20 12:00:00.000","26.0"
"387","96","2014-02-03 12:00:00.000","39.0"
"388","97","2013-12-24 10:00:00.000","39.0"
"389","97","2014-01-07 10:00:00.000","59.0"
"390","97","2014-01-21 10:00:00.000","89.0"
"391","97","2014-02-04 10:00:00.000","134.0"
"392","98","2014-10-21 09:00:00.000","46.0"
"393","98","2014-11-04 09:00:00.000","69.0"
"394","98","2014-11-18 09:00:00.000","104.0"
"395","98","2014-12-02 09:00:00.000","156.0"
"396","99","2014-10-22 10:00:00.000","45.0"
"397","99","2014-11-05 10:00:00.000","68.0"
"398","99","2014-11-19 10:00:00.000","102.0"
"399","99","2014-12-03 10:00:00.000","153.0"
"400","100","2014-10-23 08:00:00.000","15.0"
"401","100","2014-11-06 08:00:00.000","23.0"
"402","100","2014-11-20 08:00:00.000","35.0"
"403","100","2014-12-04 08:00:00.000","53.0"
"404","101","2014-10-24 09:00:00.000","47.0"
"405","101","2014-11-07 09:00:00.000","71.0"
"406","101","2014-11-21 09:00:00.000","107.0"
"407","101","2014-12-05 09:00:00.000","161.0"
"408","102","2014-10-15 08:00:00.000","40.0"
"409","102","2014-10-29 08:00:00.000","60.0"
"410","102","2014-11-12 08:00:00.000","90.0"
"411","102","2014-11-26 08:00:00.000","135.0"
"412","103","2014-10-16 11:00:00.000","41.0"
"413","103","2014-10-30 11:00:00.000","62.0"
"414","103","2014-11-13 11:00:00.000","93.0"
"415","103","2014-11-27 11:00:00.000","140.0"
"416","104","2014-10-17 10:00:00.000","28.0"
"417","104","2014-10-31 10:00:00.000","42.0"
"418","104","2014-11-14 10:00:00.000","63.0"
"419","104","2014-11-28 10:00:00.000","95.0"
"420","105","2014-10-18 10:00:00.000","19.0"
"421","105","2014-11-01 10:00:00.000","29.0"
"422","105","2014-11-15 10:00:00.000","44.0"
"423","105","2014-11-29 10:00:00.000","66.0"
"424","106","2014-10-19 11:00:00.000","44.0"
"425","106","2014-11-02 11:00:00.000","66.0"
"426","106","2014-11-16 11:00:00.000","99.0"
"427","106","2014-11-30 11:00:00.000","149.0"
"428","107","2015-11-14 11:00:00.000","21.0"
"429","107","2015-11-28 11:00:00.000","32.0"
"430","107","2015-12-12 11:00:00.000","48.0"
"431","107","2015-12-26 11:00:00.000","72.0"
"432","108","2015-11-15 10:00:00.000","25.0"
"433","108","2015-11-29 10:00:00.000","38.0"
"434","108","2015-12-13 10:00:00.000","57.0"
"435","108","2015-12-27 10:00:00.000","86.0"
"436","109","2015-03-07 08:00:00.000","21.0"
"437","109","2015-03-21 08:00:00.000","32.0"
"438","109","2015-04-04 08:00:00.000","48.0"
"439","109","2015-04-18 08:00:00.000","72.0"
"440","110","2015-03-08 09:00:00.000","42.0"
"441","110","2015-03-22 09:00:00.000","63.0"
"442","110","2015-04-05 09:00:00.000","95.0"
"443","110","2015-04-19 09:00:00.000","143.0"
"444","111","2015-08-27 11:00:00.000","48.0"
"445","111","2015-09-10 11:00:00.000","72.0"
"446","111","2015-09-24 11:00:00.000","108.0"
"447","111","2015-10-08 11:00:00.000","162.0"
"448","112","2015-08-28 09:00:00.000","49.0"
"449","112","2015-09-11 09:00:00.000","74.0"
"450","112","2015-09-25 09:00:00.000","111.0"
"451","112","2015-10-09 09:00:00.000","167.0"
"452","113","2015-08-29 12:00:00.000","27.0"
"453","113","2015-09-12 12:00:00.000","41.0"
"454","113","2015-09-26 12:00:00.000","62.0"
"455","113","2015-10-10 12:00:00.000","93.0"
"456","114","2015-08-30 10:00:00.000","35.0"
"457","114","2015-09-13 10:00:00.000","53.0"
"458","114","2015-09-27 10:00:00.000","80.0"
"459","114","2015-10-11 10:00:00.000","120.0"
"460","115","2015-07-07 08:00:00.000","13.0"
"461","115","2015-07-21 08:00:00.000","20.0"
"462","115","2015-08-04 08:00:00.000","30.0"
"463","115","2015-08-18 08:00:00.000","45.0"
"464","116","2015-07-08 11:00:00.000","17.0"
"465","116","2015-07-22 11:00:00.000","26.0"
"466","116","2015-08-05 11:00:00.000","39.0"
"467","116","2015-08-19 11:00:00.000","59.0"
"468","117","2015-07-09 11:00:00.000","20.0"
"469","117","2015-07-23 11:00:00.000","30.0"
"470","117","2015-08-06 11:00:00.000","45.0"
"471","117","2015-08-20 11:00:00.000","68.0"
"472","118","2015-07-10 12:00:00.000","22.0"
"473","118","2015-07-24 12:00:00.000","33.0"
"474","118","2015-08-07 12:00:00.000","50.0"
"475","118","2015-08-21 12:00:00.000","75.0"
"476","119","2015-07-11 08:00:00.000","38.0"
"477","119","2015-07-25 08:00:00.000","57.0"
"478","119","2015-08-08 08:00:00.000","86.0"
"479","119","2015-08-22 08:00:00.000","129.0"
"480","120","2014-09-10 12:00:00.000","20.0"
"481","120","2014-09-24 12:00:00.000","30.0"
"482","120","2014-10-08 12:00:00.000","45.0"
"483","120","2014-10-22 12:00:00.000","68.0"
"484","121","2014-09-11 11:00:00.000","49.0"
"485","121","2014-09-25 11:00:00.000","74.0"
"486","121","2014-10-09 11:00:00.000","111.0"
"487","121","2014-10-23 11:00:00.000","167.0"
"488","122","2014-09-12 09:00:00.000","22.0"
"489","122","2014-09-26 09:00:00.000","33.0"
"490","122","2014-10-10 09:00:00.000","50.0"
"491","122","2014-10-24 09:00:00.000","75.0"
"492","123","2014-09-13 08:00:00.000","47.0"
"493","123","2014-09-27 08:00:00.000","71.0"
"494","123","2014-10-11 08:00:00.000","107.0"
"495","123","2014-10-25 08:00:00.000","161.0"
"496","124","2014-09-14 11:00:00.000","11.0"
"497","124","2014-09-28 11:00:00.000","17.0"
"498","124","2014-10-12 11:00:00.000","26.0"
"499","124","2014-10-26 11:00:00.000","39.0"
"500","125","2016-01-12 08:00:00.000","45.0"
"501","125","2016-01-26 08:00:00.000","68.0"
"502","125","2016-02-09 08:00:00.000","102.0"
"503","125","2016-02-23 08:00:00.000","153.0"
"504","126","2016-01-13 09:00:00.000","39.0"
"505","126","2016-01-27 09:00:00.000","59.0"
"506","126","2016-02-10 09:00:00.000","89.0"
"507","126","2016-02-24 09:00:00.000","134.0"
"508","127","2016-01-14 10:00:00.000","39.0"
"509","127","2016-01-28 10:00:00.000","59.0"
"510","127","2016-02-11 10:00:00.000","89.0"
"511","127","2016-02-25 10:00:00.000","134.0"
"512","128","2016-01-15 11:00:00.000","40.0"
"513","128","2016-01-29 11:00:00.000","60.0"
"514","128","2016-02-12 11:00:00.000","90.0"
"515","128","2016-02-26 11:00:00.000","135.0"
"516","129","2016-01-16 12:00:00.000","49.0"
"517","129","2016-01-30 12:00:00.000","74.0"
"518","129","2016-02-13 12:00:00.000","111.0"
"519","129","2016-02-27 12:00:00.000","167.0"
"520","130","2016-01-17 11:00:00.000","25.0"
"521","130","2016-01-31 11:00:00.000","38.0"
"522","130","2016-02-14 11:00:00.000","57.0"
"523","130","2016-02-28 11:00:00.000","86.0"
"524","131","2016-01-18 10:00:00.000","23.0"
"525","131","2016-02-01 10:00:00.000","35.0"
"526","131","2016-02-15 10:00:00.000","53.0"
"527","131","2016-02-29 10:00:00.000","80.0"
"528","132","2015-10-04 10:00:00.000","34.0"
"529","132","2015-10-18 10:00:00.000","51.0"
"530","132","2015-11-01 10:00:00.000","77.0"
"531","132","2015-11-15 10:00:00.000","116.0"
"532","133","2015-10-05 10:00:00.000","23.0"
"533","133","2015-10-19 10:00:00.000","35.0"
"534","133","2015-11-02 10:00:00.000","53.0"
"535","133","2015-11-16 10:00:00.000","80.0"
"536","134","2015-10-06 12:00:00.000","14.0"
"537","134","2015-10-20 12:00:00.000","21.0"
"538","134","2015-11-03 12:00:00.000","32.0"
"539","134","2015-11-17 12:00:00.000","48.0"
"540","135","2015-10-07 11:00:00.000","23.0"
"541","135","2015-10-21 11:00:00.000","35.0"
"542","135","2015-11-04 11:00:00.000","53.0"
"543","135","2015-11-18 11:00:00.000","80.0"
"544","136","2016-06-07 09:00:00.000","23.0"
"545","136","2016-06-21 09:00:00.000","35.0"
"546","136","2016-07-05 09:00:00.000","53.0"
"547","136","2016-07-19 09:00:00.000","80.0"
"548","137","2016-06-08 09:00:00.000","25.0"
"549","137","2016-06-22 09:00:00.000","38.0"
"550","137","2016-07-06 09:00:00.000","57.0"
"551","137","2016-07-20 09:00:00.000","86.0"
"552","138","2016-06-09 10:00:00.000","35.0"
"553","138","2016-06-23 10:00:00.000","53.0"
"554","138","2016-07-07 10:00:00.000","80.0"
"555","138","2016-07-21 10:00:00.000","120.0"
"556","139","2016-06-10 11:00:00.000","35.0"
"557","139","2016-06-24 11:00:00.000","53.0"
"558","139","2016-07-08 11:00:00.000","80.0"
"559","139","2016-07-22 11:00:00.000","120.0"
"560","140","2016-06-11 10:00:00.000","40.0"
"561","140","2016-06-25 10:00:00.000","60.0"
"562","140","2016-07-09 10:00:00.000","90.0"
"563","140","2016-07-23 10:00:00.000","135.0"
"564","141","2016-06-12 10:00:00.000","32.0"
"565","141","2016-06-26 10:00:00.000","48.0"
"566","141","2016-07-10 10:00:00.000","72.0"
"567","141","2016-07-24 10:00:00.000","108.0"
"568","142","2016-04-11 12:00:00.000","16.0"
"569","142","2016-04-25 12:00:00.000","24.0"
"570","142","2016-05-09 12:00:00.000","36.0"
"571","142","2016-05-23 12:00:00.000","54.0"
"572","143","2016-04-12 11:00:00.000","46.0"
"573","143","2016-04-26 11:00:00.000","69.0"
"574","143","2016-05-10 11:00:00.000","104.0"
"575","143","2016-05-24 11:00:00.000","156.0"
"576","144","2016-04-13 11:00:00.000","50.0"
"577","144","2016-04-27 11:00:00.000","75.0"
"578","144","2016-05-11 11:00:00.000","113.0"
"579","144","2016-05-25 11:00:00.000","170.0"
"580","145","2016-04-14 09:00:00.000","32.0"
"581","145","2016-04-28 09:00:00.000","48.0"
"582","145","2016-05-12 09:00:00.000","72.0"
"583","145","2016-05-26 09:00:00.000","108.0"
"584","146","2016-04-15 10:00:00.000","46.0"
"585","146","2016-04-29 10:00:00.000","69.0"
"586","146","2016-05-13 10:00:00.000","104.0"
"587","146","2016-05-27 10:00:00.000","156.0"
"588","147","2016-04-16 10:00:00.000","18.0"
"589","147","2016-04-30 10:00:00.000","27.0"
"590","147","2016-05-14 10:00:00.000","41.0"
"591","147","2016-05-28 10:00:00.000","62.0"
"592","148","2016-04-17 09:00:00.000","36.0"
"593","148","2016-05-01 09:00:00.000","54.0"
"594","148","2016-05-15 09:00:00.000","81.0"
"595","148","2016-05-29 09:00:00.000","122.0"
"596","149","2014-01-02 08:00:00.000","40.0"
"597","149","2014-01-16 08:00:00.000","60.0"
"598","149","2014-01-30 08:00:00.000","90.0"
"599","149","2014-02-13 08:00:00.000","135.0"
"600","150","2014-01-03 08:00:00.000","31.0"
"601","150","2014-01-17 08:00:00.000","47.0"
"602","150","2014-01-31 08:00:00.000","71.0"
"603","150","2014-02-14 08:00:00.000","107.0"
"604","151","2016-04-15 11:00:00.000","20.0"
"605","151","2016-04-29 11:00:00.000","30.0"
"606","151","2016-05-13 11:00:00.000","45.0"
"607","151","2016-05-27 11:00:00.000","68.0"
"608","152","2016-04-16 11:00:00.000","18.0"
"609","152","2016-04-30 11:00:00.000","27.0"
"610","152","2016-05-14 11:00:00.000","41.0"
"611","152","2016-05-28 11:00:00.000","62.0"
"612","153","2016-04-17 10:00:00.000","12.0"
"613","153","2016-05-01 10:00:00.000","18.0"
"614","153","2016-05-15 10:00:00.000","27.0"
"615","153","2016-05-29 10:00:00.000","41.0"
"616","154","2016-04-18 09:00:00.000","19.0"
"617","154","2016-05-02 09:00:00.000","29.0"
"618","154","2016-05-16 09:00:00.000","44.0"
"619","154","2016-05-30 09:00:00.000","66.0"
"620","155","2016-04-19 10:00:00.000","42.0"
"621","155","2016-05-03 10:00:00.000","63.0"
"622","155","2016-05-17 10:00:00.000","95.0"
"623","155","2016-05-31 10:00:00.000","143.0"
"624","156","2015-09-11 08:00:00.000","16.0"
"625","156","2015-09-25 08:00:00.000","24.0"
"626","156","2015-10-09 08:00:00.000","36.0"
"627","156","2015-10-23 08:00:00.000","54.0"
"628","157","2015-09-12 09:00:00.000","25.0"
"629","157","2015-09-26 09:00:00.000","38.0"
"630","157","2015-10-10 09:00:00.000","57.0"
"631","157","2015-10-24 09:00:00.000","86.0"
"632","158","2015-09-13 11:00:00.000","34.0"
"633","158","2015-09-27 11:00:00.000","51.0"
"634","158","2015-10-11 11:00:00.000","77.0"
"635","158","2015-10-25 11:00:00.000","116.0"
"636","159","2015-09-14 09:00:00.000","44.0"
"637","159","2015-09-28 09:00:00.000","66.0"
"638","159","2015-10-12 09:00:00.000","99.0"
"639","159","2015-10-26 09:00:00.000","149.0"
"640","160","2015-09-15 12:00:00.000","42.0"
"641","160","2015-09-29 12:00:00.000","63.0"
"642","160","2015-10-13 12:00:00.000","95.0"
"643","160","2015-10-27 12:00:00.000","143.0"
"644","161","2015-09-16 09:00:00.000","20.0"
"645","161","2015-09-30 09:00:00.000","30.0"
"646","161","2015-10-14 09:00:00.000","45.0"
"647","161","2015-10-28 09:00:00.000","68.0"
"648","162","2015-09-17 09:00:00.000","26.0"
"649","162","2015-10-01 09:00:00.000","39.0"
"650","162","2015-10-15 09:00:00.000","59.0"
"651","162","2015-10-29 09:00:00.000","89.0"
"652","163","2016-03-31 11:00:00.000","31.0"
"653","163","2016-04-14 11:00:00.000","47.0"
"654","163","2016-04-28 11:00:00.000","71.0"
"655","163","2016-05-12 11:00:00.000","107.0"
"656","164","2016-04-01 11:00:00.000","49.0"
"657","164","2016-04-15 11:00:00.000","74.0"
"658","164","2016-04-29 11:00:00.000","111.0"
"659","164","2016-05-13 11:00:00.000","167.0"
"660","165","2016-04-02 12:00:00.000","31.0"
"661","165","2016-04-16 12:00:00.000","47.0"
"662","165","2016-04-30 12:00:00.000","71.0"
"663","165","2016-05-14 12:00:00.000","107.0"
"664","166","2016-04-03 12:00:00.000","18.0"
"665","166","2016-04-17 12:00:00.000","27.0"
"666","166","2016-05-01 12:00:00.000","41.0"
"667","166","2016-05-15 12:00:00.000","62.0"
"668","167","2016-04-04 11:00:00.000","18.0"
"669","167","2016-04-18 11:00:00.000","27.0"
"670","167","2016-05-02 11:00:00.000","41.0"
"671","167","2016-05-16 11:00:00.000","62.0"
"672","168","2016-04-05 12:00:00.000","44.0"
"673","168","2016-04-19 12:00:00.000","66.0"
"674","168","2016-05-03 12:00:00.000","99.0"
"675","168","2016-05-17 12:00:00.000","149.0"
"676","169","2014-11-20 08:00:00.000","18.0"
"677","169","2014-12-04 08:00:00.000","27.0"
"678","169","2014-12-18 08:00:00.000","41.0"
"679","169","2015-01-01 08:00:00.000","62.0"
"680","170","2014-11-21 12:00:00.000","40.0"
"681","170","2014-12-05 12:00:00.000","60.0"
"682","170","2014-12-19 12:00:00.000","90.0"
"683","170","2015-01-02 12:00:00.000","135.0"
"684","171","2016-05-16 10:00:00.000","18.0"
"685","171","2016-05-30 10:00:00.000","27.0"
"686","171","2016-06-13 10:00:00.000","41.0"
"687","171","2016-06-27 10:00:00.000","62.0"
"688","172","2016-05-17 10:00:00.000","50.0"
"689","172","2016-05-31 10:00:00.000","75.0"
"690","172","2016-06-14 10:00:00.000","113.0"
"691","172","2016-06-28 10:00:00.000","170.0"
"692","173","2016-05-18 10:00:00.000","34.0"
"693","173","2016-06-01 10:00:00.000","51.0"
"694","173","2016-06-15 10:00:00.000","77.0"
"695","173","2016-06-29 10:00:00.000","116.0"
"696","174","2016-05-19 09:00:00.000","25.0"
"697","174","2016-06-02 09:00:00.000","38.0"
"698","174","2016-06-16 09:00:00.000","57.0"
"699","174","2016-06-30 09:00:00.000","86.0"
"700","175","2016-06-01 11:00:00.000","50.0"
"701","175","2016-06-15 11:00:00.000","75.0"
"702","175","2016-06-29 11:00:00.000","113.0"
"703","175","2016-07-13 11:00:00.000","170.0"
"704","176","2016-06-02 10:00:00.000","41.0"
"705","176","2016-06-16 10:00:00.000","62.0"
"706","176","2016-06-30 10:00:00.000","93.0"
"707","176","2016-07-14 10:00:00.000","140.0"
"708","177","2016-06-03 11:00:00.000","30.0"
"709","177","2016-06-17 11:00:00.000","45.0"
"710","177","2016-07-01 11:00:00.000","68.0"
"711","177","2016-07-15 11:00:00.000","102.0"
"712","178","2016-06-04 10:00:00.000","35.0"
"713","178","2016-06-18 10:00:00.000","53.0"
"714","178","2016-07-02 10:00:00.000","80.0"
"715","178","2016-07-16 10:00:00.000","120.0"
"716","179","2014-01-01 09:00:00.000","24.0"
"717","179","2014-01-15 09:00:00.000","36.0"
"718","179","2014-01-29 09:00:00.000","54.0"
"719","179","2014-02-12 09:00:00.000","81.0"
"720","180","2014-01-02 11:00:00.000","39.0"
"721","180","2014-01-16 11:00:00.000","59.0"
"722","180","2014-01-30 11:00:00.000","89.0"
"723","180","2014-02-13 11:00:00.000","134.0"
"724","181","2014-01-03 09:00:00.000","13.0"
"725","181","2014-01-17 09:00:00.000","20.0"
"726","181","2014-01-31 09:00:00.000","30.0"
"727","181","2014-02-14 09:00:00.000","45.0"
"728","182","2014-01-21 09:00:00.000","32.0"
"729","182","2014-02-04 09:00:00.000","48.0"
"730","182","2014-02-18 09:00:00.000","72.0"
"731","182","2014-03-04 09:00:00.000","108.0"
"732","183","2014-01-22 09:00:00.000","45.0"
"733","183","2014-02-05 09:00:00.000","68.0"
"734","183","2014-02-19 09:00:00.000","102.0"
"735","183","2014-03-05 09:00:00.000","153.0"
"736","184","2014-01-23 11:00:00.000","27.0"
"737","184","2014-02-06 11:00:00.000","41.0"
"738","184","2014-02-20 11:00:00.000","62.0"
"739","184","2014-03-06 11:00:00.000","93.0"
"740","185","2014-01-24 11:00:00.000","48.0"
"741","185","2014-02-07 11:00:00.000","72.0"
"742","185","2014-02-21 11:00:00.000","108.0"
"743","185","2014-03-07 11:00:00.000","162.0"
"744","186","2014-01-25 09:00:00.000","44.0"
"745","186","2014-02-08 09:00:00.000","66.0"
"746","186","2014-02-22 09:00:00.000","99.0"
"747","186","2014-03-08 09:00:00.000","149.0"
"748","187","2014-01-26 11:00:00.000","40.0"
"749","187","2014-02-09 11:00:00.000","60.0"
"750","187","2014-02-23 11:00:00.000","90.0"
"751","187","2014-03-09 11:00:00.000","135.0"
"752","188","2015-11-15 10:00:00.000","49.0"
"753","188","2015-11-29 10:00:00.000","74.0"
"754","188","2015-12-13 10:00:00.000","111.0"
"755","188","2015-12-27 10:00:00.000","167.0"
"756","189","2015-11-16 11:00:00.000","40.0"
"757","189","2015-11-30 11:00:00.000","60.0"
"758","189","2015-12-14 11:00:00.000","90.0"
"759","189","2015-12-28 11:00:00.000","135.0"
"760","190","2015-11-17 09:00:00.000","15.0"
"761","190","2015-12-01 09:00:00.000","23.0"
"762","190","2015-12-15 09:00:00.000","35.0"
"763","190","2015-12-29 09:00:00.000","53.0"
"764","191","2015-11-18 09:00:00.000","34.0"
"765","191","2015-12-02 09:00:00.000","51.0"
"766","191","2015-12-16 09:00:00.000","77.0"
"767","191","2015-12-30 09:00:00.000","116.0"
"768","192","2015-11-19 08:00:00.000","23.0"
"769","192","2015-12-03 08:00:00.000","35.0"
"770","192","2015-12-17 08:00:00.000","53.0"
"771","192","2015-12-31 08:00:00.000","80.0"
"772","193","2015-11-20 09:00:00.000","13.0"
"773","193","2015-12-04 09:00:00.000","20.0"
"774","193","2015-12-18 09:00:00.000","30.0"
"775","193","2016-01-01 09:00:00.000","45.0"
"776","194","2016-08-31 11:00:00.000","40.0"
"777","194","2016-09-14 11:00:00.000","60.0"
"778","194","2016-09-28 11:00:00.000","90.0"
"779","194","2016-10-12 11:00:00.000","135.0"
"780","195","2016-09-01 11:00:00.000","34.0"
"781","195","2016-09-15 11:00:00.000","51.0"
"782","195","2016-09-29 11:00:00.000","77.0"
"783","195","2016-10-13 11:00:00.000","116.0"
"784","196","2016-09-02 11:00:00.000","42.0"
"785","196","2016-09-16 11:00:00.000","63.0"
"786","196","2016-09-30 11:00:00.000","95.0"
"787","196","2016-10-14 11:00:00.000","143.0"
"788","197","2016-09-03 12:00:00.000","46.0"
"789","197","2016-09-17 12:00:00.000","69.0"
"790","197","2016-10-01 12:00:00.000","104.0"
"791","197","2016-10-15 12:00:00.000","156.0"
"792","198","2016-09-04 11:00:00.000","13.0"
"793","198","2016-09-18 11:00:00.000","20.0"
"794","198","2016-10-02 11:00:00.000","30.0"
"795","198","2016-10-16 11:00:00.000","45.0"
"796","199","2016-09-05 08:00:00.000","35.0"
"797","199","2016-09-19 08:00:00.000","53.0"
"798","199","2016-10-03 08:00:00.000","80.0"
"799","199","2016-10-17 08:00:00.000","120.0"
"800","200","2014-09-29 12:00:00.000","36.0"
"801","200","2014-10-13 12:00:00.000","54.0"
"802","200","2014-10-27 12:00:00.000","81.0"
"803","200","2014-11-10 12:00:00.000","122.0"
"804","201","2014-09-30 09:00:00.000","22.0"
"805","201","2014-10-14 09:00:00.000","33.0"
"806","201","2014-10-28 09:00:00.000","50.0"
"807","201","2014-11-11 09:00:00.000","75.0"
"808","202","2014-10-01 11:00:00.000","26.0"
"809","202","2014-10-15 11:00:00.000","39.0"
"810","202","2014-10-29 11:00:00.000","59.0"
"811","202","2014-11-12 11:00:00.000","89.0"
"812","203","2014-08-28 11:00:00.000","31.0"
"813","203","2014-09-11 11:00:00.000","47.0"
"814","203","2014-09-25 11:00:00.000","71.0"
"815","203","2014-10-09 11:00:00.000","107.0"
"816","204","2014-08-29 10:00:00.000","27.0"
"817","204","2014-09-12 10:00:00.000","41.0"
"818","204","2014-09-26 10:00:00.000","62.0"
"819","204","2014-10-10 10:00:00.000","93.0"
"820","205","2014-08-30 09:00:00.000","35.0"
"821","205","2014-09-13 09:00:00.000","53.0"
"822","205","2014-09-27 09:00:00.000","80.0"
"823","205","2014-10-11 09:00:00.000","120.0"
"824","206","2014-08-31 08:00:00.000","47.0"
"825","206","2014-09-14 08:00:00.000","71.0"
"826","206","2014-09-28 08:00:00.000","107.0"
"827","206","2014-10-12 08:00:00.000","161.0"
"828","207","2014-09-01 12:00:00.000","26.0"
"829","207","2014-09-15 12:00:00.000","39.0"
"830","207","2014-09-29 12:00:00.000","59.0"
"831","207","2014-10-13 12:00:00.000","89.0"
"832","208","2014-09-02 12:00:00.000","12.0"
"833","208","2014-09-16 12:00:00.000","18.0"
"834","208","2014-09-30 12:00:00.000","27.0"
"835","208","2014-10-14 12:00:00.000","41.0"
"836","209","2014-09-03 10:00:00.000","26.0"
"837","209","2014-09-17 10:00:00.000","39.0"
"838","209","2014-10-01 10:00:00.000","59.0"
"839","209","2014-10-15 10:00:00.000","89.0"
"840","210","2014-10-30 09:00:00.000","42.0"
"841","210","2014-11-13 09:00:00.000","63.0"
"842","210","2014-11-27 09:00:00.000","95.0"
"843","210","2014-12-11 09:00:00.000","143.0"
"844","211","2014-10-31 09:00:00.000","38.0"
"845","211","2014-11-14 09:00:00.000","57.0"
"846","211","2014-11-28 09:00:00.000","86.0"
"847","211","2014-12-12 09:00:00.000","129.0"
"848","212","2014-11-01 09:00:00.000","17.0"
"849","212","2014-11-15 09:00:00.000","26.0"
"850","212","2014-11-29 09:00:00.000","39.0"
"851","212","2014-12-13 09:00:00.000","59.0"
"852","213","2014-03-31 09:00:00.000","28.0"
"853","213","2014-04-14 09:00:00.000","42.0"
"854","213","2014-04-28 09:00:00.000","63.0"
"855","213","2014-05-12 09:00:00.000","95.0"
"856","214","2014-04-01 09:00:00.000","24.0"
"857","214","2014-04-15 09:00:00.000","36.0"
"858","214","2014-04-29 09:00:00.000","54.0"
"859","214","2014-05-13 09:00:00.000","81.0"
"860","215","2014-04-02 11:00:00.000","43.0"
"861","215","2014-04-16 11:00:00.000","65.0"
"862","215","2014-04-30 11:00:00.000","98.0"
"863","215","2014-05-14 11:00:00.000","147.0"
"864","216","2014-04-03 11:00:00.000","28.0"
"865","216","2014-04-17 11:00:00.000","42.0"
"866","216","2014-05-01 11:00:00.000","63.0"
"867","216","2014-05-15 11:00:00.000","95.0"
"868","217","2015-11-28 12:00:00.000","38.0"
"869","217","2015-12-12 12:00:00.000","57.0"
"870","217","2015-12-26 12:00:00.000","86.0"
"871","217","2016-01-09 12:00:00.000","129.0"
"872","218","2015-11-29 12:00:00.000","18.0"
"873","218","2015-12-13 12:00:00.000","27.0"
"874","218","2015-12-27 12:00:00.000","41.0"
"875","218","2016-01-10 12:00:00.000","62.0"
"876","219","2015-11-30 10:00:00.000","32.0"
"877","219","2015-12-14 10:00:00.000","48.0"
"878","219","2015-12-28 10:00:00.000","72.0"
"879","219","2016-01-11 10:00:00.000","108.0"
"880","220","2015-01-03 08:00:00.000","43.0"
"881","220","2015-01-17 08:00:00.000","65.0"
"882","220","2015-01-31 08:00:00.000","98.0"
"883","220","2015-02-14 08:00:00.000","147.0"
"884","221","2015-01-04 09:00:00.000","46.0"
"885","221","2015-01-18 09:00:00.000","69.0"
"886","221","2015-02-01 09:00:00.000","104.0"
"887","221","2015-02-15 09:00:00.000","156.0"
"888","222","2015-01-05 09:00:00.000","42.0"
"889","222","2015-01-19 09:00:00.000","63.0"
"890","222","2015-02-02 09:00:00.000","95.0"
"891","222","2015-02-16 09:00:00.000","143.0"
"892","223","2015-01-06 10:00:00.000","21.0"
"893","223","2015-01-20 10:00:00.000","32.0"
"894","223","2015-02-03 10:00:00.000","48.0"
"895","223","2015-02-17 10:00:00.000","72.0"
"896","224","2015-01-07 09:00:00.000","48.0"
"897","224","2015-01-21 09:00:00.000","72.0"
"898","224","2015-02-04 09:00:00.000","108.0"
"899","224","2015-02-18 09:00:00.000","162.0"
"900","225","2015-01-08 09:00:00.000","35.0"
"901","225","2015-01-22 09:00:00.000","53.0"
"902","225","2015-02-05 09:00:00.000","80.0"
"903","225","2015-02-19 09:00:00.000","120.0"
"904","226","2015-01-09 08:00:00.000","14.0"
"905","226","2015-01-23 08:00:00.000","21.0"
"906","226","2015-02-06 08:00:00.000","32.0"
"907","226","2015-02-20 08:00:00.000","48.0"
"908","227","2016-08-30 10:00:00.000","13.0"
"909","227","2016-09-13 10:00:00.000","20.0"
"910","227","2016-09-27 10:00:00.000","30.0"
"911","227","2016-10-11 10:00:00.000","45.0"
"912","228","2016-08-31 11:00:00.000","15.0"
"913","228","2016-09-14 11:00:00.000","23.0"
"914","228","2016-09-28 11:00:00.000","35.0"
"915","228","2016-10-12 11:00:00.000","53.0"
"916","229","2016-09-01 10:00:00.000","11.0"
"917","229","2016-09-15 10:00:00.000","17.0"
"918","229","2016-09-29 10:00:00.000","26.0"
"919","229","2016-10-13 10:00:00.000","39.0"
"920","230","2015-02-02 08:00:00.000","41.0"
"921","230","2015-02-16 08:00:00.000","62.0"
"922","230","2015-03-02 08:00:00.000","93.0"
"923","230","2015-03-16 08:00:00.000","140.0"
"924","231","2015-02-03 12:00:00.000","49.0"
"925","231","2015-02-17 12:00:00.000","74.0"
"926","231","2015-03-03 12:00:00.000","111.0"
"927","231","2015-03-17 12:00:00.000","167.0"
"928","232","2015-01-11 09:00:00.000","17.0"
"929","232","2015-01-25 09:00:00.000","26.0"
"930","232","2015-02-08 09:00:00.000","39.0"
"931","232","2015-02-22 09:00:00.000","59.0"
"932","233","2015-01-12 10:00:00.000","45.0"
"933","233","2015-01-26 10:00:00.000","68.0"
"934","233","2015-02-09 10:00:00.000","102.0"
"935","233","2015-02-23 10:00:00.000","153.0"
"936","234","2015-01-13 12:00:00.000","31.0"
"937","234","2015-01-27 12:00:00.000","47.0"
"938","234","2015-02-10 12:00:00.000","71.0"
"939","234","2015-02-24 12:00:00.000","107.0"
"940","235","2015-01-14 12:00:00.000","48.0"
"941","235","2015-01-28 12:00:00.000","72.0"
"942","235","2015-02-11 12:00:00.000","108.0"
"943","235","2015-02-25 12:00:00.000","162.0"
"944","236","2014-07-29 11:00:00.000","43.0"
"945","236","2014-08-12 11:00:00.000","65.0"
"946","236","2014-08-26 11:00:00.000","98.0"
"947","236","2014-09-09 11:00:00.000","147.0"
"948","237","2014-07-30 10:00:00.000","38.0"
"949","237","2014-08-13 10:00:00.000","57.0"
"950","237","2014-08-27 10:00:00.000","86.0"
"951","237","2014-09-10 10:00:00.000","129.0"
"952","238","2014-07-31 12:00:00.000","16.0"
"953","238","2014-08-14 12:00:00.000","24.0"
"954","238","2014-08-28 12:00:00.000","36.0"
"955","238","2014-09-11 12:00:00.000","54.0"
"956","239","2014-08-01 10:00:00.000","12.0"
"957","239","2014-08-15 10:00:00.000","18.0"
"958","239","2014-08-29 10:00:00.000","27.0"
"959","239","2014-09-12 10:00:00.000","41.0"
"960","240","2014-08-02 11:00:00.000","12.0"
"961","240","2014-08-16 11:00:00.000","18.0"
"962","240","2014-08-30 11:00:00.000","27.0"
"963","240","2014-09-13 11:00:00.000","41.0"
"964","241","2015-02-19 09:00:00.000","14.0"
"965","241","2015-03-05 09:00:00.000","21.0"
"966","241","2015-03-19 09:00:00.000","32.0"
"967","241","2015-04-02 09:00:00.000","48.0"
"968","242","2015-02-20 09:00:00.000","16.0"
"969","242","2015-03-06 09:00:00.000","24.0"
"970","242","2015-03-20 09:00:00.000","36.0"
"971","242","2015-04-03 09:00:00.000","54.0"
"972","243","2015-02-21 08:00:00.000","41.0"
"973","243","2015-03-07 08:00:00.000","62.0"
"974","243","2015-03-21 08:00:00.000","93.0"
"975","243","2015-04-04 08:00:00.000","140.0"
"976","244","2015-02-22 08:00:00.000","16.0"
"977","244","2015-03-08 08:00:00.000","24.0"
"978","244","2015-03-22 08:00:00.000","36.0"
"979","244","2015-04-05 08:00:00.000","54.0"
"980","245","2015-02-23 12:00:00.000","35.0"
"981","245","2015-03-09 12:00:00.000","53.0"
"982","245","2015-03-23 12:00:00.000","80.0"
"983","245","2015-04-06 12:00:00.000","120.0"
"984","246","2014-01-03 11:00:00.000","20.0"
"985","246","2014-01-17 11:00:00.000","30.0"
"986","246","2014-01-31 11:00:00.000","45.0"
"987","246","2014-02-14 11:00:00.000","68.0"
"988","247","2014-01-04 09:00:00.000","20.0"
"989","247","2014-01-18 09:00:00.000","30.0"
"990","247","2014-02-01 09:00:00.000","45.0"
"991","247","2014-02-15 09:00:00.000","68.0"
"992","248","2014-01-05 11:00:00.000","42.0"
"993","248","2014-01-19 11:00:00.000","63.0"
"994","248","2014-02-02 11:00:00.000","95.0"
"995","248","2014-02-16 11:00:00.000","143.0"
"996","249","2014-01-06 10:00:00.000","24.0"
"997","249","2014-01-20 10:00:00.000","36.0"
"998","249","2014-02-03 10:00:00.000","54.0"
"999","249","2014-02-17 10:00:00.000","81.0"
"1000","250","2014-01-07 11:00:00.000","25.0"
"1001","250","2014-01-21 11:00:00.000","38.0"
"1002","250","2014-02-04 11:00:00.000","57.0"
"1003","250","2014-02-18 11:00:00.000","86.0"
"1004","251","2014-01-08 10:00:00.000","20.0"
"1005","251","2014-01-22 10:00:00.000","30.0"
"1006","251","2014-02-05 10:00:00.000","45.0"
"1007","251","2014-02-19 10:00:00.000","68.0"
"1008","252","2014-01-09 10:00:00.000","18.0"
"1009","252","2014-01-23 10:00:00.000","27.0"
"1010","252","2014-02-06 10:00:00.000","41.0"
"1011","252","2014-02-20 10:00:00.000","62.0"
"1012","253","2015-07-17 12:00:00.000","27.0"
"1013","253","2015-07-31 12:00:00.000","41.0"
"1014","253","2015-08-14 12:00:00.000","62.0"
"1015","253","2015-08-28 12:00:00.000","93.0"
"1016","254","2015-07-18 09:00:00.000","14.0"
"1017","254","2015-08-01 09:00:00.000","21.0"
"1018","254","2015-08-15 09:00:00.000","32.0"
"1019","254","2015-08-29 09:00:00.000","48.0"
"1020","255","2015-07-19 10:00:00.000","46.0"
"1021","255","2015-08-02 10:00:00.000","69.0"
"1022","255","2015-08-16 10:00:00.000","104.0"
"1023","255","2015-08-30 10:00:00.000","156.0"
"1024","256","2016-03-27 12:00:00.000","26.0"
"1025","256","2016-04-10 12:00:00.000","39.0"
"1026","256","2016-04-24 12:00:00.000","59.0"
"1027","256","2016-05-08 12:00:00.000","89.0"
"1028","257","2016-03-28 08:00:00.000","11.0"
"1029","257","2016-04-11 08:00:00.000","17.0"
"1030","257","2016-04-25 08:00:00.000","26.0"
"1031","257","2016-05-09 08:00:00.000","39.0"
"1032","258","2016-03-29 09:00:00.000","21.0"
"1033","258","2016-04-12 09:00:00.000","32.0"
"1034","258","2016-04-26 09:00:00.000","48.0"
"1035","258","2016-05-10 09:00:00.000","72.0"
"1036","259","2016-03-30 11:00:00.000","41.0"
"1037","259","2016-04-13 11:00:00.000","62.0"
"1038","259","2016-04-27 11:00:00.000","93.0"
"1039","259","2016-05-11 11:00:00.000","140.0"
"1040","260","2014-08-07 11:00:00.000","38.0"
"1041","260","2014-08-21 11:00:00.000","57.0"
"1042","260","2014-09-04 11:00:00.000","86.0"
"1043","260","2014-09-18 11:00:00.000","129.0"
"1044","261","2014-08-08 12:00:00.000","36.0"
"1045","261","2014-08-22 12:00:00.000","54.0"
"1046","261","2014-09-05 12:00:00.000","81.0"
"1047","261","2014-09-19 12:00:00.000","122.0"
"1048","262","2014-08-09 11:00:00.000","37.0"
"1049","262","2014-08-23 11:00:00.000","56.0"
"1050","262","2014-09-06 11:00:00.000","84.0"
"1051","262","2014-09-20 11:00:00.000","126.0"
"1052","263","2014-08-10 09:00:00.000","37.0"
"1053","263","2014-08-24 09:00:00.000","56.0"
"1054","263","2014-09-07 09:00:00.000","84.0"
"1055","263","2014-09-21 09:00:00.000","126.0"
"1056","264","2014-08-11 08:00:00.000","15.0"
"1057","264","2014-08-25 08:00:00.000","23.0"
"1058","264","2014-09-08 08:00:00.000","35.0"
"1059","264","2014-09-22 08:00:00.000","53.0"
"1060","265","2014-08-12 08:00:00.000","21.0"
"1061","265","2014-08-26 08:00:00.000","32.0"
"1062","265","2014-09-09 08:00:00.000","48.0"
"1063","265","2014-09-23 08:00:00.000","72.0"
"1064","266","2015-06-28 10:00:00.000","29.0"
"1065","266","2015-07-12 10:00:00.000","44.0"
"1066","266","2015-07-26 10:00:00.000","66.0"
"1067","266","2015-08-09 10:00:00.000","99.0"
"1068","267","2015-06-29 11:00:00.000","46.0"
"1069","267","2015-07-13 11:00:00.000","69.0"
"1070","267","2015-07-27 11:00:00.000","104.0"
"1071","267","2015-08-10 11:00:00.000","156.0"
"1072","268","2015-06-30 09:00:00.000","36.0"
"1073","268","2015-07-14 09:00:00.000","54.0"
"1074","268","2015-07-28 09:00:00.000","81.0"
"1075","268","2015-08-11 09:00:00.000","122.0"
"1076","269","2015-07-01 09:00:00.000","49.0"
"1077","269","2015-07-15 09:00:00.000","74.0"
"1078","269","2015-07-29 09:00:00.000","111.0"
"1079","269","2015-08-12 09:00:00.000","167.0"
"1080","270","2015-03-26 11:00:00.000","45.0"
"1081","270","2015-04-09 11:00:00.000","68.0"
"1082","270","2015-04-23 11:00:00.000","102.0"
"1083","270","2015-05-07 11:00:00.000","153.0"
"1084","271","2015-03-27 10:00:00.000","30.0"
"1085","271","2015-04-10 10:00:00.000","45.0"
"1086","271","2015-04-24 10:00:00.000","68.0"
"1087","271","2015-05-08 10:00:00.000","102.0"
"1088","272","2015-03-28 09:00:00.000","44.0"
"1089","272","2015-04-11 09:00:00.000","66.0"
"1090","272","2015-04-25 09:00:00.000","99.0"
"1091","272","2015-05-09 09:00:00.000","149.0"
"1092","273","2015-03-29 10:00:00.000","28.0"
"1093","273","2015-04-12 10:00:00.000","42.0"
"1094","273","2015-04-26 10:00:00.000","63.0"
"1095","273","2015-05-10 10:00:00.000","95.0"
"1096","274","2015-08-24 11:00:00.000","18.0"
"1097","274","2015-09-07 11:00:00.000","27.0"
"1098","274","2015-09-21 11:00:00.000","41.0"
"1099","274","2015-10-05 11:00:00.000","62.0"
"1100","275","2015-11-23 11:00:00.000","20.0"
"1101","275","2015-12-07 11:00:00.000","30.0"
"1102","275","2015-12-21 11:00:00.000","45.0"
"1103","275","2016-01-04 11:00:00.000","68.0"
"1104","276","2015-11-14 12:00:00.000","47.0"
"1105","276","2015-11-28 12:00:00.000","71.0"
"1106","276","2015-12-12 12:00:00.000","107.0"
"1107","276","2015-12-26 12:00:00.000","161.0"
"1108","277","2015-11-15 09:00:00.000","49.0"
"1109","277","2015-11-29 09:00:00.000","74.0"
"1110","277","2015-12-13 09:00:00.000","111.0"
"1111","277","2015-12-27 09:00:00.000","167.0"
"1112","278","2015-11-16 09:00:00.000","45.0"
"1113","278","2015-11-30 09:00:00.000","68.0"
"1114","278","2015-12-14 09:00:00.000","102.0"
"1115","278","2015-12-28 09:00:00.000","153.0"
"1116","279","2015-11-17 12:00:00.000","42.0"
"1117","279","2015-12-01 12:00:00.000","63.0"
"1118","279","2015-12-15 12:00:00.000","95.0"
"1119","279","2015-12-29 12:00:00.000","143.0"
"1120","280","2013-11-08 11:00:00.000","33.0"
"1121","280","2013-11-22 11:00:00.000","50.0"
"1122","280","2013-12-06 11:00:00.000","75.0"
"1123","280","2013-12-20 11:00:00.000","113.0"
"1124","281","2013-11-09 08:00:00.000","27.0"
"1125","281","2013-11-23 08:00:00.000","41.0"
"1126","281","2013-12-07 08:00:00.000","62.0"
"1127","281","2013-12-21 08:00:00.000","93.0"
"1128","282","2013-11-10 08:00:00.000","25.0"
"1129","282","2013-11-24 08:00:00.000","38.0"
"1130","282","2013-12-08 08:00:00.000","57.0"
"1131","282","2013-12-22 08:00:00.000","86.0"
"1132","283","2013-11-11 12:00:00.000","17.0"
"1133","283","2013-11-25 12:00:00.000","26.0"
"1134","283","2013-12-09 12:00:00.000","39.0"
"1135","283","2013-12-23 12:00:00.000","59.0"
"1136","284","2013-11-12 12:00:00.000","49.0"
"1137","284","2013-11-26 12:00:00.000","74.0"
"1138","284","2013-12-10 12:00:00.000","111.0"
"1139","284","2013-12-24 12:00:00.000","167.0"
"1140","285","2013-11-13 10:00:00.000","18.0"
"1141","285","2013-11-27 10:00:00.000","27.0"
"1142","285","2013-12-11 10:00:00.000","41.0"
"1143","285","2013-12-25 10:00:00.000","62.0"
"1144","286","2013-11-14 11:00:00.000","32.0"
"1145","286","2013-11-28 11:00:00.000","48.0"
"1146","286","2013-12-12 11:00:00.000","72.0"
"1147","286","2013-12-26 11:00:00.000","108.0"
"1148","287","2014-10-29 12:00:00.000","50.0"
"1149","287","2014-11-12 12:00:00.000","75.0"
"1150","287","2014-11-26 12:00:00.000","113.0"
"1151","287","2014-12-10 12:00:00.000","170.0"
"1152","288","2014-03-02 11:00:00.000","27.0"
"1153","288","2014-03-16 11:00:00.000","41.0"
"1154","288","2014-03-30 11:00:00.000","62.0"
"1155","288","2014-04-13 11:00:00.000","93.0"
"1156","289","2014-03-03 09:00:00.000","48.0"
"1157","289","2014-03-17 09:00:00.000","72.0"
"1158","289","2014-03-31 09:00:00.000","108.0"
"1159","289","2014-04-14 09:00:00.000","162.0"
"1160","290","2014-03-04 10:00:00.000","23.0"
"1161","290","2014-03-18 10:00:00.000","35.0"
"1162","290","2014-04-01 10:00:00.000","53.0"
"1163","290","2014-04-15 10:00:00.000","80.0"
"1164","291","2014-03-05 09:00:00.000","49.0"
"1165","291","2014-03-19 09:00:00.000","74.0"
"1166","291","2014-04-02 09:00:00.000","111.0"
"1167","291","2014-04-16 09:00:00.000","167.0"
"1168","292","2014-03-06 09:00:00.000","32.0"
"1169","292","2014-03-20 09:00:00.000","48.0"
"1170","292","2014-04-03 09:00:00.000","72.0"
"1171","292","2014-04-17 09:00:00.000","108.0"
"1172","293","2014-03-07 10:00:00.000","23.0"
"1173","293","2014-03-21 10:00:00.000","35.0"
"1174","293","2014-04-04 10:00:00.000","53.0"
"1175","293","2014-04-18 10:00:00.000","80.0"
"1176","294","2014-03-08 10:00:00.000","39.0"
"1177","294","2014-03-22 10:00:00.000","59.0"
"1178","294","2014-04-05 10:00:00.000","89.0"
"1179","294","2014-04-19 10:00:00.000","134.0"
"1180","295","2014-08-10 09:00:00.000","34.0"
"1181","295","2014-08-24 09:00:00.000","51.0"
"1182","295","2014-09-07 09:00:00.000","77.0"
"1183","295","2014-09-21 09:00:00.000","116.0"
"1184","296","2014-08-11 12:00:00.000","30.0"
"1185","296","2014-08-25 12:00:00.000","45.0"
"1186","296","2014-09-08 12:00:00.000","68.0"
"1187","296","2014-09-22 12:00:00.000","102.0"
"1188","297","2014-08-12 09:00:00.000","44.0"
"1189","297","2014-08-26 09:00:00.000","66.0"
"1190","297","2014-09-09 09:00:00.000","99.0"
"1191","297","2014-09-23 09:00:00.000","149.0"
"1192","298","2014-08-13 11:00:00.000","24.0"
"1193","298","2014-08-27 11:00:00.000","36.0"
"1194","298","2014-09-10 11:00:00.000","54.0"
"1195","298","2014-09-24 11:00:00.000","81.0"
"1196","299","2014-08-14 11:00:00.000","42.0"
"1197","299","2014-08-28 11:00:00.000","63.0"
"1198","299","2014-09-11 11:00:00.000","95.0"
"1199","299","2014-09-25 11:00:00.000","143.0"
"1200","300","2014-08-15 09:00:00.000","42.0"
"1201","300","2014-08-29 09:00:00.000","63.0"
"1202","300","2014-09-12 09:00:00.000","95.0"
"1203","300","2014-09-26 09:00:00.000","143.0"
"1204","301","2014-08-16 09:00:00.000","45.0"
"1205","301","2014-08-30 09:00:00.000","68.0"
"1206","301","2014-09-13 09:00:00.000","102.0"
"1207","301","2014-09-27 09:00:00.000","153.0"
"1208","302","2015-06-23 10:00:00.000","37.0"
"1209","302","2015-07-07 10:00:00.000","56.0"
"1210","302","2015-07-21 10:00:00.000","84.0"
"1211","302","2015-08-04 10:00:00.000","126.0"
"1212","303","2015-06-24 11:00:00.000","43.0"
"1213","303","2015-07-08 11:00:00.000","65.0"
"1214","303","2015-07-22 11:00:00.000","98.0"
"1215","303","2015-08-05 11:00:00.000","147.0"
"1216","304","2015-06-25 09:00:00.000","49.0"
"1217","304","2015-07-09 09:00:00.000","74.0"
"1218","304","2015-07-23 09:00:00.000","111.0"
"1219","304","2015-08-06 09:00:00.000","167.0"
"1220","305","2015-06-26 10:00:00.000","33.0"
"1221","305","2015-07-10 10:00:00.000","50.0"
"1222","305","2015-07-24 10:00:00.000","75.0"
"1223","305","2015-08-07 10:00:00.000","113.0"